CommentId,UserId,PostId,Content,Created
1,6,1,"Hope everyone is okay!","2022-09-09 05:00:00"
2,7,2,"I saw this crash 911 was called quickly","2022-10-04 06:00:00"
3,8,3,"This is the 4th time the past 2 months in this neighborhood!","2022-06-04 06:00:00"
4,9,4,"It was put out very quickly!","2022-09-09 02:00:00"
5,10,5,"Hope they were caught!","2022-06-09 03:00:00"
6,5,5,"Hope everyone is okay!","2022-06-09 04:00:00"
7,8,3,"So annoying!","2022-06-04 10:00:00"
8,4,4,"It was a small fire.","2022-09-09 11:00:00"
9,2,5,"Avoid that area!","2022-06-09 08:00:00"
10,1,5,"Hope everything goes well!","2022-06-10 11:00:00"
