﻿PersonID,FirstName,LastName,Phone,Email,Address,Neighborhood
1,Domenic,Hopkinson,1716872247,Domenic_Hopkinson5109@ubusive.com,"4362 Ryder Avenue, 98101",Downtown Commercial
2,Benny,Verdon,1641853084,Benny_Verdon5344@extex.org,"9241 13th Ave SW, 98105",University
3,Vicky,Kerr,5862516756,Vicky_Kerr7361@bulaffy.com,"9668 Rainier Ave S, 98114",Capitol Hill
4,Caitlyn,Rogers,2147368271,Caitlyn_Rogers8793@elnee.tech,"9679 46th Ave SW, 98105",University
5,Rosalie,Carter,7016726768,Rosalie_Carter6712@iatim.tech,"9816 51st Ave SW, 98105",University
6,Percy,Blythe,3558855763,Percy_Blythe6956@gembat.biz,"8430 S 114th St, 98117",Ballard South
7,Zoe,Thompson,6558230437,Zoe_Thompson7058@nanoff.biz,"8038 14th Ave NW, 98117",Ballard South
8,Bristol,Shaw,2023835140,Bristol_Shaw3195@cispeto.com,"10020 2nd Ave S, 98133",Bitterlake
9,Mya,Haines,3571203687,Mya_Haines9052@elnee.tech,"1301 Spring St #17B, 98104",Downtown Commercial
10,Ivette,Furnell,5451548480,Ivette_Furnell3661@kideod.biz,"12230 Occidental Ave S, 98133",Bitterlake
11,Tiffany,Marthin,1562845933,Tiffany_Marthin@neu.com,"13021 25th Ave NE, 98125",Northgate
12,Alexis,Florence,5493356128,Alexis_Florence@neu.com,"101 W Olympic Pl, 98114",Capitol Hill
13,Jin,Park,6548933654,Jin_Park@neu.com,"1020 5th Ave N, 98109",Downtown Commercial
14,Olivia,Leighton,1235896532,Olivia_Leighton@neu.com,"10340 39th Ave NE, 98125",Northgate
15,Renxin,Xie,2658465388,Renxin_Xie@neu.com,"4711 Rainier Ave S, 98125",Northgate
16,Seungju,Choi,5688763394,Seungju_Choi@neu.com,"1401 Boren Ave, 98112",Capitol Hill
