PostId,UserId,ReportId,Title,Content,Created
1,1,2022-207577,Armed Robbery,I heard the man responsible was caught and the victims are okay!,9/9/2022 5:00
2,2,2022-207482,Big Crash on Front Street,Saw this crash today hope everyone is okay!,10/4/2022 6:00
3,3,2022-042327,Broken Window in Queen Anne,I passed a broken window in queen anne has yet to be repaired on the small business,6/4/2022 6:00
4,4,2022-900257,Fire Downtown,Fire at the post office downtown,9/9/2022 2:00
5,5,2022-900336,Trespassing at neighbors house,"My neighbors house was broken into, stay cautious in Bellevue!",6/9/2022 3:00
6,2,2022-900336,Trespassing at neighbors house,I witnessed a man trespassing,6/9/2022 4:00