﻿UserId,Username,Password,UserType,PersonId
1,domnson1,MWeL78,basic,1
2,benrdon2,vf7dQw,basic,2
3,vickerr3,Rv8YaA,premium,3
4,caigers4,Wx84jM,basic,4
5,rosrter5,mpBq4W,premium,5
6,perythe6,gUA2Vu,premium,6
7,zoepson7,C3VAnx,premium,7
8,brishaw8,6aQUrA,basic,8
9,myaines9,zD7J2H,basic,9
10,ivenell10,7ewmvN,basic,10
11,tifthin11,9NAg8v,premium,11
12,aleence12,2pvE5v,premium,12
13,jinpark13,xjXW6N,premium,13
14,olihton14,Pff6f4,premium,14
15,renxie15,4Vu9Dx,premium,15
16,seuchoi16,nE8P8m,premium,16
